{
    "loss": 0.2698018550872803,
    "accuracy": 0.864068865776062
}