{
    "loss": 0.8426850438117981,
    "accuracy": 0.501585841178894
}